{"test_score": 0.9416781081959539, "dev_score_history": [0.9094786279728366, 0.9362115551282569, 0.9435958813012861, 0.9380389225244311, 0.943035280642887, 0.9437164488549497, 0.9445139132671054, 0.9429854050885108, 0.9415181404613726, 0.9416781081959539], "train_loss_history": [1.1110481231639762, 0.3235568486887212, 0.23244981842617699, 0.19254647612139883, 0.16892836852815465, 0.1518915933416588, 0.1366849946143408, 0.12483269007463463, 0.11649324073335854, 0.10859033768164068], "dev_loss_history": [0.38388243317604065, 0.19577786326408386, 0.20421896874904633, 0.2255678027868271, 0.23825453221797943, 0.2685738801956177, 0.28542593121528625, 0.3137236535549164, 0.33602070808410645, 0.3378925621509552]}